land_available,water_available,food_demand
31317182439.999996,128847836324571.4,529918.3999999999
